metric,description,mean,std,cv_pct,range_pct,damov_threshold,damov_verdict
llc_mpki,LLC MPKI (L2_MISS×1000/instructions),6.165749928339859,0.03546732196397256,0.5752312756142254,1.0162474477446277,1.0,✓ EXCEEDS
lfmr,LFMR (L2_MISS/L1_MISS),0.743752471618064,0.01423572921829471,1.9140412652779892,3.5331745165454613,0.1,✓ EXCEEDS
ipc,IPC (instructions/cycles),0.44981029782973386,0.001545752939560692,0.34364552057138625,0.6872341554820247,1.0,✓ EXCEEDS
mem_bound_frac,Memory-bound fraction (TDB),0.6014152728733612,0.004567961540449542,0.7595353404687161,1.4993275922229492,0.2,✓ EXCEEDS
l1_stall_frac,L1D stall fraction (STALLS_L1D/SLOTS),0.25509272416243634,0.00021708427771820202,0.08510014483202918,0.15340662212579081,—,—
l2_stall_frac,L2 stall fraction (STALLS_L2/SLOTS),0.2528842403719724,0.00025964341194701594,0.10267283226708844,0.19225346255247805,—,—
l2_hit_rate,L2 hit rate (L2_HIT/L1_MISS),0.2547687166811749,0.014525417631572406,5.701413352782219,10.518399325046431,—,—
l2_miss_rate_req,L2 miss rate (L2_RQSTS.MISS/L2_RQSTS.REF) — includes prefetcher,0.7316297422653134,0.0039041753521710794,0.5336272060349475,1.067206509291482,—,—
l1_miss_rate,L1 miss rate (L1_MISS/(L1_HIT+L1_MISS)),0.02526703669318971,0.0005685326114892676,2.2500961169004263,4.219188196859277,—,—
