metric,description,mean,std,cv_pct,range_pct,damov_threshold,damov_verdict
llc_mpki,LLC MPKI (L2_MISS×1000/instructions),6.113662550542994,0.028896729516650337,0.47265823518643224,0.8907582469197965,1.0,✓ EXCEEDS
lfmr,LFMR (L2_MISS/L1_MISS),0.7553075953987348,0.0019063662924239167,0.2523960177333482,0.4654827875044196,0.1,✓ EXCEEDS
ipc,IPC (instructions/cycles),0.45284631647360735,0.0022308842084275697,0.49263605052589393,0.8577270366422172,1.0,✓ EXCEEDS
mem_bound_frac,Memory-bound fraction (TDB),0.5961324924052379,0.0033111278365861078,0.5554348871719066,1.0982379009179346,0.2,✓ EXCEEDS
l1_stall_frac,L1D stall fraction (STALLS_L1D/SLOTS),0.25412808564017114,0.00031551499802842886,0.12415589454963967,0.24722100255683144,—,—
l2_stall_frac,L2 stall fraction (STALLS_L2/SLOTS),0.25185020939945657,0.0003526890657906867,0.14003921880060494,0.2797222585517747,—,—
l2_hit_rate,L2 hit rate (L2_HIT/L1_MISS),0.24317928111995668,0.0019143983849014294,0.7872374554627807,1.4077209346435267,—,—
l2_miss_rate_req,L2 miss rate (L2_RQSTS.MISS/L2_RQSTS.REF) — includes prefetcher,0.7332148714811413,0.0026325986445191753,0.3590487245848078,0.7135492505807621,—,—
l1_miss_rate,L1 miss rate (L1_MISS/(L1_HIT+L1_MISS)),0.02461560884663827,0.00014156409444438935,0.5750988948775184,1.0904264166580246,—,—
